{"anger": {"1": [0.36736555776907287, 0.41352428176372547], "2": [0.0717721267288063, 0.07093883986373846], "3": [0.0024439643605876377, -0.00162702260130518]}, "disgust": {"1": [0.06674853446070796, 0.1597023175423886], "2": [0.012472938999013082, 0.016483656189475317], "3": [0.0038496400450860977, -0.0004474417306358597]}, "happiness": {"1": [0.28099782280833496, 0.2804209423359681], "2": [0.043106826628722006, 0.040431962535422805], "3": [-0.0002082799215069732, 0.0007671648704879939]}, "sadness": {"1": [0.12870010638768797, 0.10854106099955145], "2": [0.04296482816248926, 0.03487383946352791], "3": [-0.002237987461258306, -1.4485129852749995e-05]}}